ejecucion,nodo,grado,etiqueta
0,0,112,1
0,1,113,1
0,2,107,1
0,3,112,1
0,4,112,1
0,5,113,1
0,6,117,1
0,7,117,1
0,8,113,1
0,9,114,1
0,10,116,1
0,11,108,1
0,12,112,1
0,13,109,1
0,14,106,1
0,15,106,1
0,16,108,1
0,17,115,1
0,18,117,1
0,19,111,1
0,20,109,1
0,21,114,1
0,22,111,1
0,23,115,1
0,24,113,1
0,25,111,1
0,26,111,1
0,27,110,1
0,28,116,1
0,29,113,1
0,30,112,1
0,31,110,1
0,32,108,1
0,33,114,1
0,34,112,1
0,35,102,1
0,36,111,1
0,37,109,1
0,38,115,1
0,39,116,1
0,40,113,1
0,41,106,1
0,42,111,1
0,43,112,1
0,44,118,1
0,45,113,1
0,46,115,1
0,47,113,1
0,48,116,1
0,49,108,1
0,50,105,1
0,51,113,1
0,52,111,1
0,53,119,1
0,54,109,1
0,55,110,1
0,56,112,1
0,57,112,1
0,58,114,1
0,59,119,1
0,60,110,1
0,61,111,1
0,62,109,1
0,63,106,1
0,64,114,1
0,65,111,1
0,66,116,1
0,67,108,1
0,68,112,1
0,69,115,1
0,70,110,1
0,71,112,1
0,72,105,1
0,73,113,1
0,74,104,1
0,75,104,1
0,76,114,1
0,77,109,1
0,78,112,1
0,79,117,1
0,80,108,1
0,81,114,1
0,82,102,1
0,83,111,1
0,84,113,1
0,85,113,1
0,86,110,1
0,87,106,1
0,88,109,1
0,89,105,1
0,90,112,1
0,91,114,1
0,92,110,1
0,93,106,0
0,94,106,1
0,95,113,1
0,96,106,1
0,97,116,1
0,98,117,1
0,99,108,1
0,100,117,1
0,101,109,1
0,102,108,1
0,103,118,1
0,104,109,1
0,105,111,1
0,106,111,1
0,107,103,0
0,108,112,1
0,109,117,1
0,110,118,1
0,111,109,1
0,112,106,1
0,113,119,1
0,114,112,0
0,115,108,1
0,116,112,1
0,117,112,1
0,118,113,1
0,119,110,1
0,120,111,1
0,121,111,1
0,122,114,1
0,123,110,1
0,124,116,1
1,0,112,1
1,1,113,1
1,2,107,1
1,3,112,1
1,4,112,1
1,5,113,1
1,6,117,1
1,7,117,1
1,8,113,1
1,9,114,1
1,10,116,1
1,11,108,1
1,12,112,1
1,13,109,1
1,14,106,1
1,15,106,1
1,16,108,1
1,17,115,1
1,18,117,1
1,19,111,1
1,20,109,1
1,21,114,1
1,22,111,1
1,23,115,1
1,24,113,1
1,25,111,1
1,26,111,1
1,27,110,1
1,28,116,1
1,29,113,1
1,30,112,1
1,31,110,1
1,32,108,1
1,33,114,1
1,34,112,1
1,35,102,1
1,36,111,1
1,37,109,1
1,38,115,1
1,39,116,1
1,40,113,1
1,41,106,1
1,42,111,1
1,43,112,1
1,44,118,1
1,45,113,1
1,46,115,1
1,47,113,1
1,48,116,1
1,49,108,1
1,50,105,1
1,51,113,1
1,52,111,1
1,53,119,1
1,54,109,1
1,55,110,1
1,56,112,1
1,57,112,1
1,58,114,1
1,59,119,1
1,60,110,1
1,61,111,1
1,62,109,1
1,63,106,1
1,64,114,1
1,65,111,1
1,66,116,1
1,67,108,1
1,68,112,1
1,69,115,1
1,70,110,1
1,71,112,1
1,72,105,1
1,73,113,1
1,74,104,1
1,75,104,1
1,76,114,1
1,77,109,1
1,78,112,1
1,79,117,1
1,80,108,1
1,81,114,1
1,82,102,1
1,83,111,1
1,84,113,1
1,85,113,1
1,86,110,1
1,87,106,1
1,88,109,1
1,89,105,1
1,90,112,1
1,91,114,1
1,92,110,1
1,93,106,1
1,94,106,1
1,95,113,0
1,96,106,1
1,97,116,1
1,98,117,1
1,99,108,1
1,100,117,1
1,101,109,1
1,102,108,1
1,103,118,1
1,104,109,1
1,105,111,1
1,106,111,1
1,107,103,1
1,108,112,1
1,109,117,1
1,110,118,1
1,111,109,1
1,112,106,1
1,113,119,1
1,114,112,0
1,115,108,1
1,116,112,1
1,117,112,1
1,118,113,0
1,119,110,1
1,120,111,1
1,121,111,1
1,122,114,1
1,123,110,1
1,124,116,1
2,0,112,1
2,1,113,1
2,2,107,1
2,3,112,1
2,4,112,1
2,5,113,1
2,6,117,1
2,7,117,1
2,8,113,1
2,9,114,1
2,10,116,1
2,11,108,1
2,12,112,1
2,13,109,1
2,14,106,1
2,15,106,1
2,16,108,1
2,17,115,1
2,18,117,1
2,19,111,1
2,20,109,1
2,21,114,1
2,22,111,1
2,23,115,1
2,24,113,1
2,25,111,1
2,26,111,1
2,27,110,1
2,28,116,1
2,29,113,1
2,30,112,1
2,31,110,1
2,32,108,1
2,33,114,1
2,34,112,1
2,35,102,1
2,36,111,1
2,37,109,1
2,38,115,1
2,39,116,1
2,40,113,1
2,41,106,1
2,42,111,1
2,43,112,1
2,44,118,1
2,45,113,1
2,46,115,1
2,47,113,1
2,48,116,1
2,49,108,1
2,50,105,1
2,51,113,1
2,52,111,1
2,53,119,1
2,54,109,1
2,55,110,1
2,56,112,1
2,57,112,1
2,58,114,1
2,59,119,1
2,60,110,1
2,61,111,1
2,62,109,1
2,63,106,1
2,64,114,1
2,65,111,1
2,66,116,1
2,67,108,1
2,68,112,1
2,69,115,1
2,70,110,1
2,71,112,1
2,72,105,1
2,73,113,1
2,74,104,1
2,75,104,1
2,76,114,1
2,77,109,1
2,78,112,1
2,79,117,1
2,80,108,1
2,81,114,1
2,82,102,1
2,83,111,1
2,84,113,1
2,85,113,1
2,86,110,1
2,87,106,1
2,88,109,1
2,89,105,1
2,90,112,1
2,91,114,1
2,92,110,1
2,93,106,1
2,94,106,1
2,95,113,1
2,96,106,0
2,97,116,1
2,98,117,1
2,99,108,1
2,100,117,1
2,101,109,1
2,102,108,1
2,103,118,1
2,104,109,1
2,105,111,1
2,106,111,1
2,107,103,1
2,108,112,1
2,109,117,1
2,110,118,1
2,111,109,1
2,112,106,1
2,113,119,1
2,114,112,1
2,115,108,1
2,116,112,0
2,117,112,0
2,118,113,1
2,119,110,1
2,120,111,1
2,121,111,1
2,122,114,1
2,123,110,1
2,124,116,1
3,0,112,1
3,1,113,1
3,2,107,1
3,3,112,1
3,4,112,1
3,5,113,1
3,6,117,1
3,7,117,1
3,8,113,1
3,9,114,1
3,10,116,1
3,11,108,1
3,12,112,1
3,13,109,1
3,14,106,1
3,15,106,1
3,16,108,1
3,17,115,1
3,18,117,1
3,19,111,1
3,20,109,1
3,21,114,1
3,22,111,1
3,23,115,1
3,24,113,1
3,25,111,1
3,26,111,1
3,27,110,1
3,28,116,1
3,29,113,1
3,30,112,1
3,31,110,1
3,32,108,1
3,33,114,1
3,34,112,1
3,35,102,1
3,36,111,1
3,37,109,1
3,38,115,1
3,39,116,1
3,40,113,1
3,41,106,1
3,42,111,1
3,43,112,1
3,44,118,1
3,45,113,1
3,46,115,1
3,47,113,1
3,48,116,1
3,49,108,1
3,50,105,1
3,51,113,1
3,52,111,1
3,53,119,1
3,54,109,1
3,55,110,1
3,56,112,1
3,57,112,1
3,58,114,1
3,59,119,1
3,60,110,1
3,61,111,1
3,62,109,1
3,63,106,1
3,64,114,1
3,65,111,1
3,66,116,1
3,67,108,1
3,68,112,1
3,69,115,1
3,70,110,1
3,71,112,1
3,72,105,1
3,73,113,1
3,74,104,1
3,75,104,1
3,76,114,1
3,77,109,1
3,78,112,1
3,79,117,1
3,80,108,1
3,81,114,1
3,82,102,1
3,83,111,1
3,84,113,1
3,85,113,1
3,86,110,1
3,87,106,1
3,88,109,1
3,89,105,1
3,90,112,1
3,91,114,1
3,92,110,1
3,93,106,1
3,94,106,1
3,95,113,1
3,96,106,0
3,97,116,1
3,98,117,1
3,99,108,1
3,100,117,1
3,101,109,1
3,102,108,1
3,103,118,1
3,104,109,1
3,105,111,1
3,106,111,1
3,107,103,1
3,108,112,1
3,109,117,1
3,110,118,1
3,111,109,1
3,112,106,1
3,113,119,1
3,114,112,1
3,115,108,0
3,116,112,1
3,117,112,0
3,118,113,1
3,119,110,1
3,120,111,1
3,121,111,1
3,122,114,1
3,123,110,1
3,124,116,1
4,0,112,1
4,1,113,1
4,2,107,1
4,3,112,1
4,4,112,1
4,5,113,1
4,6,117,1
4,7,117,1
4,8,113,1
4,9,114,1
4,10,116,1
4,11,108,1
4,12,112,1
4,13,109,1
4,14,106,1
4,15,106,1
4,16,108,1
4,17,115,1
4,18,117,1
4,19,111,1
4,20,109,1
4,21,114,1
4,22,111,1
4,23,115,1
4,24,113,1
4,25,111,1
4,26,111,1
4,27,110,1
4,28,116,1
4,29,113,1
4,30,112,1
4,31,110,1
4,32,108,1
4,33,114,1
4,34,112,1
4,35,102,1
4,36,111,1
4,37,109,1
4,38,115,1
4,39,116,1
4,40,113,1
4,41,106,1
4,42,111,1
4,43,112,1
4,44,118,1
4,45,113,1
4,46,115,1
4,47,113,1
4,48,116,1
4,49,108,1
4,50,105,1
4,51,113,1
4,52,111,1
4,53,119,1
4,54,109,1
4,55,110,1
4,56,112,1
4,57,112,1
4,58,114,1
4,59,119,1
4,60,110,1
4,61,111,1
4,62,109,1
4,63,106,1
4,64,114,1
4,65,111,1
4,66,116,1
4,67,108,1
4,68,112,1
4,69,115,1
4,70,110,1
4,71,112,1
4,72,105,1
4,73,113,1
4,74,104,1
4,75,104,1
4,76,114,1
4,77,109,1
4,78,112,1
4,79,117,1
4,80,108,1
4,81,114,1
4,82,102,1
4,83,111,1
4,84,113,1
4,85,113,1
4,86,110,1
4,87,106,1
4,88,109,1
4,89,105,1
4,90,112,1
4,91,114,1
4,92,110,1
4,93,106,1
4,94,106,1
4,95,113,1
4,96,106,1
4,97,116,1
4,98,117,1
4,99,108,1
4,100,117,1
4,101,109,1
4,102,108,1
4,103,118,1
4,104,109,1
4,105,111,1
4,106,111,1
4,107,103,1
4,108,112,1
4,109,117,1
4,110,118,1
4,111,109,1
4,112,106,1
4,113,119,1
4,114,112,1
4,115,108,1
4,116,112,0
4,117,112,0
4,118,113,1
4,119,110,1
4,120,111,1
4,121,111,1
4,122,114,1
4,123,110,1
4,124,116,1
5,0,112,1
5,1,113,1
5,2,107,1
5,3,112,1
5,4,112,1
5,5,113,1
5,6,117,1
5,7,117,1
5,8,113,1
5,9,114,1
5,10,116,1
5,11,108,1
5,12,112,1
5,13,109,1
5,14,106,1
5,15,106,1
5,16,108,1
5,17,115,1
5,18,117,1
5,19,111,1
5,20,109,1
5,21,114,1
5,22,111,1
5,23,115,1
5,24,113,1
5,25,111,1
5,26,111,1
5,27,110,1
5,28,116,1
5,29,113,1
5,30,112,1
5,31,110,1
5,32,108,1
5,33,114,1
5,34,112,1
5,35,102,1
5,36,111,1
5,37,109,1
5,38,115,1
5,39,116,1
5,40,113,1
5,41,106,1
5,42,111,1
5,43,112,1
5,44,118,1
5,45,113,1
5,46,115,1
5,47,113,1
5,48,116,1
5,49,108,1
5,50,105,1
5,51,113,1
5,52,111,1
5,53,119,1
5,54,109,1
5,55,110,1
5,56,112,1
5,57,112,1
5,58,114,1
5,59,119,1
5,60,110,1
5,61,111,1
5,62,109,1
5,63,106,1
5,64,114,1
5,65,111,0
5,66,116,1
5,67,108,1
5,68,112,1
5,69,115,1
5,70,110,1
5,71,112,1
5,72,105,1
5,73,113,1
5,74,104,1
5,75,104,1
5,76,114,1
5,77,109,1
5,78,112,1
5,79,117,1
5,80,108,1
5,81,114,1
5,82,102,1
5,83,111,1
5,84,113,1
5,85,113,1
5,86,110,1
5,87,106,1
5,88,109,1
5,89,105,1
5,90,112,1
5,91,114,1
5,92,110,1
5,93,106,1
5,94,106,1
5,95,113,1
5,96,106,1
5,97,116,1
5,98,117,1
5,99,108,1
5,100,117,1
5,101,109,1
5,102,108,1
5,103,118,1
5,104,109,1
5,105,111,1
5,106,111,1
5,107,103,0
5,108,112,1
5,109,117,1
5,110,118,1
5,111,109,1
5,112,106,1
5,113,119,1
5,114,112,0
5,115,108,1
5,116,112,1
5,117,112,1
5,118,113,1
5,119,110,1
5,120,111,1
5,121,111,1
5,122,114,1
5,123,110,1
5,124,116,1
6,0,112,1
6,1,113,1
6,2,107,1
6,3,112,1
6,4,112,1
6,5,113,1
6,6,117,1
6,7,117,1
6,8,113,1
6,9,114,1
6,10,116,1
6,11,108,1
6,12,112,1
6,13,109,1
6,14,106,1
6,15,106,1
6,16,108,1
6,17,115,1
6,18,117,1
6,19,111,1
6,20,109,1
6,21,114,1
6,22,111,1
6,23,115,1
6,24,113,1
6,25,111,1
6,26,111,1
6,27,110,1
6,28,116,1
6,29,113,1
6,30,112,1
6,31,110,1
6,32,108,1
6,33,114,1
6,34,112,1
6,35,102,1
6,36,111,1
6,37,109,1
6,38,115,1
6,39,116,1
6,40,113,1
6,41,106,1
6,42,111,1
6,43,112,1
6,44,118,1
6,45,113,1
6,46,115,1
6,47,113,1
6,48,116,1
6,49,108,1
6,50,105,1
6,51,113,1
6,52,111,1
6,53,119,1
6,54,109,1
6,55,110,1
6,56,112,1
6,57,112,1
6,58,114,1
6,59,119,1
6,60,110,1
6,61,111,1
6,62,109,1
6,63,106,1
6,64,114,1
6,65,111,1
6,66,116,1
6,67,108,1
6,68,112,1
6,69,115,1
6,70,110,1
6,71,112,1
6,72,105,1
6,73,113,1
6,74,104,1
6,75,104,1
6,76,114,1
6,77,109,1
6,78,112,1
6,79,117,1
6,80,108,1
6,81,114,1
6,82,102,1
6,83,111,1
6,84,113,1
6,85,113,1
6,86,110,1
6,87,106,1
6,88,109,1
6,89,105,1
6,90,112,1
6,91,114,1
6,92,110,1
6,93,106,1
6,94,106,1
6,95,113,1
6,96,106,1
6,97,116,1
6,98,117,1
6,99,108,1
6,100,117,1
6,101,109,1
6,102,108,1
6,103,118,1
6,104,109,1
6,105,111,1
6,106,111,1
6,107,103,1
6,108,112,1
6,109,117,1
6,110,118,1
6,111,109,1
6,112,106,1
6,113,119,1
6,114,112,1
6,115,108,0
6,116,112,1
6,117,112,1
6,118,113,1
6,119,110,1
6,120,111,1
6,121,111,1
6,122,114,0
6,123,110,1
6,124,116,1
7,0,112,1
7,1,113,1
7,2,107,1
7,3,112,1
7,4,112,1
7,5,113,1
7,6,117,1
7,7,117,1
7,8,113,1
7,9,114,1
7,10,116,1
7,11,108,1
7,12,112,1
7,13,109,1
7,14,106,1
7,15,106,1
7,16,108,1
7,17,115,1
7,18,117,1
7,19,111,1
7,20,109,1
7,21,114,1
7,22,111,1
7,23,115,1
7,24,113,1
7,25,111,1
7,26,111,1
7,27,110,1
7,28,116,1
7,29,113,1
7,30,112,1
7,31,110,1
7,32,108,1
7,33,114,1
7,34,112,1
7,35,102,1
7,36,111,1
7,37,109,1
7,38,115,1
7,39,116,1
7,40,113,1
7,41,106,1
7,42,111,1
7,43,112,1
7,44,118,1
7,45,113,1
7,46,115,1
7,47,113,1
7,48,116,1
7,49,108,1
7,50,105,1
7,51,113,1
7,52,111,1
7,53,119,1
7,54,109,1
7,55,110,1
7,56,112,1
7,57,112,1
7,58,114,1
7,59,119,1
7,60,110,1
7,61,111,1
7,62,109,1
7,63,106,1
7,64,114,1
7,65,111,1
7,66,116,1
7,67,108,1
7,68,112,1
7,69,115,1
7,70,110,1
7,71,112,1
7,72,105,1
7,73,113,1
7,74,104,1
7,75,104,1
7,76,114,1
7,77,109,1
7,78,112,1
7,79,117,1
7,80,108,1
7,81,114,1
7,82,102,1
7,83,111,1
7,84,113,1
7,85,113,1
7,86,110,1
7,87,106,1
7,88,109,1
7,89,105,1
7,90,112,1
7,91,114,1
7,92,110,1
7,93,106,1
7,94,106,1
7,95,113,1
7,96,106,1
7,97,116,1
7,98,117,1
7,99,108,1
7,100,117,1
7,101,109,1
7,102,108,1
7,103,118,1
7,104,109,1
7,105,111,1
7,106,111,1
7,107,103,1
7,108,112,1
7,109,117,1
7,110,118,1
7,111,109,1
7,112,106,1
7,113,119,1
7,114,112,1
7,115,108,0
7,116,112,1
7,117,112,0
7,118,113,1
7,119,110,1
7,120,111,1
7,121,111,1
7,122,114,1
7,123,110,1
7,124,116,1
8,0,112,1
8,1,113,1
8,2,107,1
8,3,112,1
8,4,112,1
8,5,113,1
8,6,117,1
8,7,117,1
8,8,113,1
8,9,114,1
8,10,116,1
8,11,108,1
8,12,112,1
8,13,109,1
8,14,106,1
8,15,106,1
8,16,108,1
8,17,115,1
8,18,117,1
8,19,111,1
8,20,109,1
8,21,114,1
8,22,111,1
8,23,115,1
8,24,113,1
8,25,111,1
8,26,111,1
8,27,110,1
8,28,116,1
8,29,113,1
8,30,112,1
8,31,110,1
8,32,108,1
8,33,114,1
8,34,112,1
8,35,102,1
8,36,111,1
8,37,109,1
8,38,115,1
8,39,116,1
8,40,113,1
8,41,106,1
8,42,111,1
8,43,112,1
8,44,118,1
8,45,113,1
8,46,115,1
8,47,113,1
8,48,116,1
8,49,108,1
8,50,105,1
8,51,113,1
8,52,111,1
8,53,119,1
8,54,109,1
8,55,110,1
8,56,112,1
8,57,112,1
8,58,114,1
8,59,119,1
8,60,110,1
8,61,111,1
8,62,109,1
8,63,106,1
8,64,114,1
8,65,111,1
8,66,116,1
8,67,108,1
8,68,112,1
8,69,115,1
8,70,110,1
8,71,112,1
8,72,105,1
8,73,113,1
8,74,104,1
8,75,104,1
8,76,114,1
8,77,109,1
8,78,112,1
8,79,117,1
8,80,108,1
8,81,114,1
8,82,102,1
8,83,111,1
8,84,113,1
8,85,113,1
8,86,110,1
8,87,106,1
8,88,109,1
8,89,105,1
8,90,112,1
8,91,114,1
8,92,110,1
8,93,106,1
8,94,106,1
8,95,113,1
8,96,106,1
8,97,116,1
8,98,117,1
8,99,108,1
8,100,117,1
8,101,109,1
8,102,108,1
8,103,118,1
8,104,109,0
8,105,111,1
8,106,111,1
8,107,103,1
8,108,112,1
8,109,117,1
8,110,118,1
8,111,109,1
8,112,106,1
8,113,119,1
8,114,112,1
8,115,108,1
8,116,112,1
8,117,112,1
8,118,113,1
8,119,110,1
8,120,111,1
8,121,111,0
8,122,114,1
8,123,110,1
8,124,116,1
9,0,112,1
9,1,113,1
9,2,107,1
9,3,112,1
9,4,112,1
9,5,113,1
9,6,117,1
9,7,117,1
9,8,113,1
9,9,114,1
9,10,116,1
9,11,108,1
9,12,112,1
9,13,109,1
9,14,106,1
9,15,106,1
9,16,108,1
9,17,115,1
9,18,117,1
9,19,111,1
9,20,109,1
9,21,114,1
9,22,111,1
9,23,115,1
9,24,113,1
9,25,111,1
9,26,111,1
9,27,110,1
9,28,116,1
9,29,113,1
9,30,112,1
9,31,110,1
9,32,108,1
9,33,114,1
9,34,112,1
9,35,102,1
9,36,111,1
9,37,109,1
9,38,115,1
9,39,116,1
9,40,113,1
9,41,106,1
9,42,111,1
9,43,112,1
9,44,118,1
9,45,113,1
9,46,115,1
9,47,113,1
9,48,116,1
9,49,108,1
9,50,105,1
9,51,113,1
9,52,111,1
9,53,119,1
9,54,109,1
9,55,110,1
9,56,112,1
9,57,112,1
9,58,114,1
9,59,119,1
9,60,110,1
9,61,111,1
9,62,109,1
9,63,106,1
9,64,114,1
9,65,111,1
9,66,116,1
9,67,108,1
9,68,112,1
9,69,115,1
9,70,110,1
9,71,112,1
9,72,105,1
9,73,113,1
9,74,104,1
9,75,104,1
9,76,114,1
9,77,109,1
9,78,112,1
9,79,117,1
9,80,108,1
9,81,114,1
9,82,102,1
9,83,111,1
9,84,113,1
9,85,113,1
9,86,110,1
9,87,106,1
9,88,109,1
9,89,105,1
9,90,112,1
9,91,114,1
9,92,110,1
9,93,106,1
9,94,106,1
9,95,113,1
9,96,106,0
9,97,116,1
9,98,117,1
9,99,108,1
9,100,117,1
9,101,109,1
9,102,108,1
9,103,118,1
9,104,109,1
9,105,111,1
9,106,111,1
9,107,103,1
9,108,112,1
9,109,117,1
9,110,118,1
9,111,109,1
9,112,106,1
9,113,119,1
9,114,112,1
9,115,108,0
9,116,112,1
9,117,112,0
9,118,113,1
9,119,110,1
9,120,111,1
9,121,111,1
9,122,114,1
9,123,110,1
9,124,116,1
10,0,112,1
10,1,113,1
10,2,107,1
10,3,112,1
10,4,112,1
10,5,113,1
10,6,117,1
10,7,117,1
10,8,113,1
10,9,114,1
10,10,116,1
10,11,108,1
10,12,112,1
10,13,109,1
10,14,106,1
10,15,106,1
10,16,108,1
10,17,115,1
10,18,117,1
10,19,111,1
10,20,109,1
10,21,114,1
10,22,111,1
10,23,115,1
10,24,113,1
10,25,111,1
10,26,111,1
10,27,110,1
10,28,116,1
10,29,113,1
10,30,112,1
10,31,110,1
10,32,108,1
10,33,114,1
10,34,112,1
10,35,102,1
10,36,111,1
10,37,109,1
10,38,115,1
10,39,116,1
10,40,113,1
10,41,106,1
10,42,111,1
10,43,112,1
10,44,118,1
10,45,113,1
10,46,115,1
10,47,113,1
10,48,116,1
10,49,108,1
10,50,105,1
10,51,113,1
10,52,111,1
10,53,119,1
10,54,109,1
10,55,110,1
10,56,112,1
10,57,112,1
10,58,114,1
10,59,119,1
10,60,110,1
10,61,111,1
10,62,109,1
10,63,106,1
10,64,114,1
10,65,111,1
10,66,116,1
10,67,108,1
10,68,112,1
10,69,115,1
10,70,110,1
10,71,112,1
10,72,105,1
10,73,113,1
10,74,104,1
10,75,104,1
10,76,114,1
10,77,109,1
10,78,112,1
10,79,117,1
10,80,108,1
10,81,114,1
10,82,102,1
10,83,111,1
10,84,113,1
10,85,113,1
10,86,110,1
10,87,106,1
10,88,109,1
10,89,105,0
10,90,112,1
10,91,114,1
10,92,110,1
10,93,106,1
10,94,106,1
10,95,113,1
10,96,106,0
10,97,116,1
10,98,117,1
10,99,108,1
10,100,117,1
10,101,109,1
10,102,108,1
10,103,118,1
10,104,109,1
10,105,111,1
10,106,111,1
10,107,103,1
10,108,112,1
10,109,117,1
10,110,118,1
10,111,109,1
10,112,106,1
10,113,119,1
10,114,112,1
10,115,108,0
10,116,112,1
10,117,112,1
10,118,113,1
10,119,110,1
10,120,111,1
10,121,111,1
10,122,114,1
10,123,110,1
10,124,116,1
11,0,112,1
11,1,113,1
11,2,107,1
11,3,112,1
11,4,112,1
11,5,113,1
11,6,117,1
11,7,117,1
11,8,113,1
11,9,114,1
11,10,116,1
11,11,108,1
11,12,112,1
11,13,109,1
11,14,106,1
11,15,106,1
11,16,108,1
11,17,115,1
11,18,117,1
11,19,111,1
11,20,109,1
11,21,114,1
11,22,111,1
11,23,115,1
11,24,113,1
11,25,111,1
11,26,111,1
11,27,110,1
11,28,116,1
11,29,113,1
11,30,112,1
11,31,110,1
11,32,108,1
11,33,114,1
11,34,112,1
11,35,102,1
11,36,111,1
11,37,109,1
11,38,115,1
11,39,116,1
11,40,113,1
11,41,106,1
11,42,111,1
11,43,112,1
11,44,118,1
11,45,113,1
11,46,115,1
11,47,113,1
11,48,116,1
11,49,108,1
11,50,105,1
11,51,113,1
11,52,111,1
11,53,119,1
11,54,109,1
11,55,110,1
11,56,112,1
11,57,112,1
11,58,114,1
11,59,119,1
11,60,110,1
11,61,111,1
11,62,109,1
11,63,106,1
11,64,114,1
11,65,111,1
11,66,116,1
11,67,108,1
11,68,112,1
11,69,115,1
11,70,110,1
11,71,112,1
11,72,105,1
11,73,113,1
11,74,104,1
11,75,104,1
11,76,114,1
11,77,109,1
11,78,112,1
11,79,117,1
11,80,108,1
11,81,114,1
11,82,102,1
11,83,111,1
11,84,113,1
11,85,113,1
11,86,110,1
11,87,106,1
11,88,109,1
11,89,105,1
11,90,112,1
11,91,114,1
11,92,110,1
11,93,106,1
11,94,106,1
11,95,113,1
11,96,106,0
11,97,116,1
11,98,117,1
11,99,108,1
11,100,117,1
11,101,109,1
11,102,108,1
11,103,118,1
11,104,109,1
11,105,111,1
11,106,111,1
11,107,103,1
11,108,112,1
11,109,117,1
11,110,118,1
11,111,109,1
11,112,106,1
11,113,119,1
11,114,112,1
11,115,108,0
11,116,112,1
11,117,112,0
11,118,113,1
11,119,110,1
11,120,111,1
11,121,111,1
11,122,114,1
11,123,110,1
11,124,116,1
12,0,112,1
12,1,113,1
12,2,107,1
12,3,112,1
12,4,112,1
12,5,113,1
12,6,117,1
12,7,117,1
12,8,113,1
12,9,114,1
12,10,116,1
12,11,108,1
12,12,112,1
12,13,109,1
12,14,106,1
12,15,106,1
12,16,108,1
12,17,115,1
12,18,117,1
12,19,111,1
12,20,109,1
12,21,114,1
12,22,111,1
12,23,115,1
12,24,113,1
12,25,111,1
12,26,111,1
12,27,110,1
12,28,116,1
12,29,113,1
12,30,112,1
12,31,110,1
12,32,108,1
12,33,114,1
12,34,112,1
12,35,102,1
12,36,111,1
12,37,109,1
12,38,115,1
12,39,116,1
12,40,113,1
12,41,106,1
12,42,111,1
12,43,112,1
12,44,118,1
12,45,113,1
12,46,115,1
12,47,113,1
12,48,116,1
12,49,108,1
12,50,105,1
12,51,113,1
12,52,111,1
12,53,119,1
12,54,109,1
12,55,110,1
12,56,112,1
12,57,112,1
12,58,114,1
12,59,119,1
12,60,110,1
12,61,111,1
12,62,109,1
12,63,106,1
12,64,114,1
12,65,111,1
12,66,116,1
12,67,108,1
12,68,112,1
12,69,115,1
12,70,110,1
12,71,112,1
12,72,105,1
12,73,113,1
12,74,104,1
12,75,104,1
12,76,114,1
12,77,109,1
12,78,112,1
12,79,117,1
12,80,108,1
12,81,114,1
12,82,102,1
12,83,111,1
12,84,113,1
12,85,113,1
12,86,110,1
12,87,106,1
12,88,109,1
12,89,105,1
12,90,112,1
12,91,114,1
12,92,110,1
12,93,106,1
12,94,106,1
12,95,113,1
12,96,106,0
12,97,116,1
12,98,117,1
12,99,108,1
12,100,117,1
12,101,109,1
12,102,108,1
12,103,118,1
12,104,109,1
12,105,111,1
12,106,111,1
12,107,103,1
12,108,112,1
12,109,117,1
12,110,118,1
12,111,109,1
12,112,106,1
12,113,119,1
12,114,112,1
12,115,108,1
12,116,112,0
12,117,112,0
12,118,113,1
12,119,110,1
12,120,111,1
12,121,111,1
12,122,114,1
12,123,110,1
12,124,116,1
13,0,112,1
13,1,113,1
13,2,107,1
13,3,112,1
13,4,112,1
13,5,113,1
13,6,117,1
13,7,117,1
13,8,113,1
13,9,114,1
13,10,116,1
13,11,108,1
13,12,112,1
13,13,109,1
13,14,106,1
13,15,106,1
13,16,108,1
13,17,115,1
13,18,117,1
13,19,111,1
13,20,109,1
13,21,114,1
13,22,111,1
13,23,115,1
13,24,113,1
13,25,111,1
13,26,111,1
13,27,110,1
13,28,116,1
13,29,113,1
13,30,112,1
13,31,110,1
13,32,108,1
13,33,114,1
13,34,112,1
13,35,102,1
13,36,111,1
13,37,109,1
13,38,115,1
13,39,116,1
13,40,113,1
13,41,106,1
13,42,111,1
13,43,112,1
13,44,118,1
13,45,113,1
13,46,115,1
13,47,113,1
13,48,116,1
13,49,108,1
13,50,105,1
13,51,113,1
13,52,111,1
13,53,119,1
13,54,109,1
13,55,110,1
13,56,112,1
13,57,112,1
13,58,114,1
13,59,119,1
13,60,110,1
13,61,111,1
13,62,109,1
13,63,106,1
13,64,114,1
13,65,111,1
13,66,116,1
13,67,108,1
13,68,112,1
13,69,115,1
13,70,110,1
13,71,112,1
13,72,105,1
13,73,113,1
13,74,104,1
13,75,104,1
13,76,114,1
13,77,109,1
13,78,112,1
13,79,117,1
13,80,108,1
13,81,114,1
13,82,102,1
13,83,111,1
13,84,113,1
13,85,113,1
13,86,110,1
13,87,106,1
13,88,109,1
13,89,105,1
13,90,112,1
13,91,114,1
13,92,110,1
13,93,106,1
13,94,106,1
13,95,113,1
13,96,106,1
13,97,116,1
13,98,117,1
13,99,108,1
13,100,117,1
13,101,109,1
13,102,108,1
13,103,118,1
13,104,109,1
13,105,111,1
13,106,111,1
13,107,103,1
13,108,112,1
13,109,117,1
13,110,118,1
13,111,109,1
13,112,106,1
13,113,119,1
13,114,112,1
13,115,108,0
13,116,112,1
13,117,112,0
13,118,113,1
13,119,110,1
13,120,111,1
13,121,111,1
13,122,114,1
13,123,110,1
13,124,116,1
14,0,112,1
14,1,113,1
14,2,107,1
14,3,112,1
14,4,112,1
14,5,113,1
14,6,117,1
14,7,117,1
14,8,113,1
14,9,114,1
14,10,116,1
14,11,108,1
14,12,112,1
14,13,109,1
14,14,106,1
14,15,106,1
14,16,108,1
14,17,115,1
14,18,117,1
14,19,111,1
14,20,109,1
14,21,114,1
14,22,111,1
14,23,115,1
14,24,113,1
14,25,111,1
14,26,111,1
14,27,110,1
14,28,116,1
14,29,113,1
14,30,112,1
14,31,110,1
14,32,108,1
14,33,114,1
14,34,112,1
14,35,102,1
14,36,111,1
14,37,109,1
14,38,115,1
14,39,116,1
14,40,113,1
14,41,106,1
14,42,111,1
14,43,112,1
14,44,118,1
14,45,113,1
14,46,115,1
14,47,113,1
14,48,116,1
14,49,108,1
14,50,105,1
14,51,113,1
14,52,111,1
14,53,119,1
14,54,109,1
14,55,110,1
14,56,112,1
14,57,112,1
14,58,114,1
14,59,119,1
14,60,110,1
14,61,111,1
14,62,109,1
14,63,106,1
14,64,114,1
14,65,111,1
14,66,116,1
14,67,108,1
14,68,112,1
14,69,115,1
14,70,110,1
14,71,112,1
14,72,105,1
14,73,113,1
14,74,104,1
14,75,104,1
14,76,114,1
14,77,109,1
14,78,112,1
14,79,117,1
14,80,108,1
14,81,114,1
14,82,102,1
14,83,111,1
14,84,113,1
14,85,113,1
14,86,110,1
14,87,106,1
14,88,109,1
14,89,105,1
14,90,112,1
14,91,114,1
14,92,110,1
14,93,106,1
14,94,106,1
14,95,113,1
14,96,106,0
14,97,116,1
14,98,117,1
14,99,108,1
14,100,117,1
14,101,109,1
14,102,108,1
14,103,118,1
14,104,109,1
14,105,111,1
14,106,111,1
14,107,103,1
14,108,112,1
14,109,117,1
14,110,118,1
14,111,109,1
14,112,106,1
14,113,119,1
14,114,112,1
14,115,108,1
14,116,112,0
14,117,112,0
14,118,113,1
14,119,110,1
14,120,111,1
14,121,111,1
14,122,114,1
14,123,110,1
14,124,116,1
15,0,112,1
15,1,113,1
15,2,107,1
15,3,112,1
15,4,112,1
15,5,113,1
15,6,117,1
15,7,117,1
15,8,113,1
15,9,114,1
15,10,116,1
15,11,108,1
15,12,112,1
15,13,109,1
15,14,106,1
15,15,106,1
15,16,108,1
15,17,115,1
15,18,117,1
15,19,111,1
15,20,109,1
15,21,114,1
15,22,111,1
15,23,115,1
15,24,113,1
15,25,111,1
15,26,111,1
15,27,110,1
15,28,116,1
15,29,113,1
15,30,112,1
15,31,110,1
15,32,108,1
15,33,114,1
15,34,112,1
15,35,102,1
15,36,111,1
15,37,109,1
15,38,115,1
15,39,116,1
15,40,113,1
15,41,106,1
15,42,111,1
15,43,112,1
15,44,118,1
15,45,113,1
15,46,115,1
15,47,113,1
15,48,116,1
15,49,108,1
15,50,105,1
15,51,113,1
15,52,111,1
15,53,119,1
15,54,109,1
15,55,110,1
15,56,112,1
15,57,112,1
15,58,114,1
15,59,119,1
15,60,110,1
15,61,111,1
15,62,109,1
15,63,106,1
15,64,114,1
15,65,111,1
15,66,116,1
15,67,108,1
15,68,112,1
15,69,115,1
15,70,110,1
15,71,112,1
15,72,105,1
15,73,113,1
15,74,104,1
15,75,104,1
15,76,114,1
15,77,109,1
15,78,112,1
15,79,117,1
15,80,108,1
15,81,114,1
15,82,102,1
15,83,111,1
15,84,113,1
15,85,113,1
15,86,110,1
15,87,106,1
15,88,109,1
15,89,105,1
15,90,112,1
15,91,114,1
15,92,110,1
15,93,106,1
15,94,106,1
15,95,113,1
15,96,106,0
15,97,116,1
15,98,117,1
15,99,108,1
15,100,117,1
15,101,109,1
15,102,108,1
15,103,118,1
15,104,109,1
15,105,111,1
15,106,111,1
15,107,103,1
15,108,112,1
15,109,117,1
15,110,118,1
15,111,109,1
15,112,106,1
15,113,119,1
15,114,112,1
15,115,108,0
15,116,112,1
15,117,112,0
15,118,113,1
15,119,110,1
15,120,111,1
15,121,111,1
15,122,114,1
15,123,110,1
15,124,116,1
16,0,112,1
16,1,113,1
16,2,107,1
16,3,112,1
16,4,112,1
16,5,113,1
16,6,117,1
16,7,117,1
16,8,113,1
16,9,114,1
16,10,116,1
16,11,108,1
16,12,112,1
16,13,109,1
16,14,106,1
16,15,106,1
16,16,108,1
16,17,115,1
16,18,117,1
16,19,111,1
16,20,109,1
16,21,114,1
16,22,111,1
16,23,115,1
16,24,113,1
16,25,111,1
16,26,111,1
16,27,110,1
16,28,116,1
16,29,113,1
16,30,112,1
16,31,110,1
16,32,108,1
16,33,114,1
16,34,112,1
16,35,102,1
16,36,111,1
16,37,109,1
16,38,115,1
16,39,116,1
16,40,113,1
16,41,106,1
16,42,111,1
16,43,112,1
16,44,118,1
16,45,113,1
16,46,115,1
16,47,113,1
16,48,116,1
16,49,108,1
16,50,105,1
16,51,113,1
16,52,111,1
16,53,119,1
16,54,109,1
16,55,110,1
16,56,112,1
16,57,112,1
16,58,114,1
16,59,119,1
16,60,110,1
16,61,111,1
16,62,109,1
16,63,106,1
16,64,114,1
16,65,111,1
16,66,116,1
16,67,108,1
16,68,112,1
16,69,115,1
16,70,110,1
16,71,112,1
16,72,105,1
16,73,113,1
16,74,104,1
16,75,104,1
16,76,114,1
16,77,109,1
16,78,112,1
16,79,117,1
16,80,108,1
16,81,114,1
16,82,102,1
16,83,111,1
16,84,113,1
16,85,113,1
16,86,110,1
16,87,106,1
16,88,109,1
16,89,105,1
16,90,112,1
16,91,114,1
16,92,110,1
16,93,106,1
16,94,106,1
16,95,113,1
16,96,106,1
16,97,116,1
16,98,117,1
16,99,108,1
16,100,117,1
16,101,109,1
16,102,108,1
16,103,118,1
16,104,109,1
16,105,111,1
16,106,111,1
16,107,103,1
16,108,112,1
16,109,117,1
16,110,118,1
16,111,109,1
16,112,106,1
16,113,119,1
16,114,112,1
16,115,108,1
16,116,112,0
16,117,112,1
16,118,113,0
16,119,110,1
16,120,111,1
16,121,111,1
16,122,114,1
16,123,110,1
16,124,116,1
17,0,112,1
17,1,113,1
17,2,107,1
17,3,112,1
17,4,112,1
17,5,113,1
17,6,117,1
17,7,117,1
17,8,113,1
17,9,114,1
17,10,116,1
17,11,108,1
17,12,112,1
17,13,109,1
17,14,106,1
17,15,106,1
17,16,108,1
17,17,115,1
17,18,117,1
17,19,111,1
17,20,109,1
17,21,114,1
17,22,111,1
17,23,115,1
17,24,113,1
17,25,111,1
17,26,111,1
17,27,110,1
17,28,116,1
17,29,113,1
17,30,112,1
17,31,110,1
17,32,108,1
17,33,114,1
17,34,112,1
17,35,102,1
17,36,111,1
17,37,109,1
17,38,115,1
17,39,116,1
17,40,113,1
17,41,106,1
17,42,111,1
17,43,112,1
17,44,118,1
17,45,113,1
17,46,115,1
17,47,113,1
17,48,116,1
17,49,108,1
17,50,105,1
17,51,113,1
17,52,111,1
17,53,119,1
17,54,109,1
17,55,110,1
17,56,112,1
17,57,112,1
17,58,114,1
17,59,119,1
17,60,110,1
17,61,111,1
17,62,109,1
17,63,106,1
17,64,114,1
17,65,111,1
17,66,116,1
17,67,108,1
17,68,112,1
17,69,115,1
17,70,110,1
17,71,112,1
17,72,105,1
17,73,113,1
17,74,104,1
17,75,104,1
17,76,114,1
17,77,109,1
17,78,112,1
17,79,117,1
17,80,108,1
17,81,114,1
17,82,102,1
17,83,111,1
17,84,113,1
17,85,113,1
17,86,110,1
17,87,106,1
17,88,109,1
17,89,105,1
17,90,112,0
17,91,114,1
17,92,110,1
17,93,106,1
17,94,106,1
17,95,113,1
17,96,106,1
17,97,116,1
17,98,117,1
17,99,108,1
17,100,117,1
17,101,109,1
17,102,108,1
17,103,118,1
17,104,109,1
17,105,111,1
17,106,111,1
17,107,103,1
17,108,112,1
17,109,117,1
17,110,118,1
17,111,109,1
17,112,106,0
17,113,119,1
17,114,112,1
17,115,108,1
17,116,112,1
17,117,112,1
17,118,113,1
17,119,110,1
17,120,111,1
17,121,111,1
17,122,114,0
17,123,110,1
17,124,116,1
18,0,112,1
18,1,113,1
18,2,107,1
18,3,112,1
18,4,112,1
18,5,113,1
18,6,117,1
18,7,117,1
18,8,113,1
18,9,114,1
18,10,116,1
18,11,108,1
18,12,112,1
18,13,109,1
18,14,106,1
18,15,106,1
18,16,108,1
18,17,115,1
18,18,117,1
18,19,111,1
18,20,109,1
18,21,114,1
18,22,111,1
18,23,115,1
18,24,113,1
18,25,111,1
18,26,111,1
18,27,110,1
18,28,116,1
18,29,113,1
18,30,112,1
18,31,110,1
18,32,108,1
18,33,114,1
18,34,112,1
18,35,102,1
18,36,111,1
18,37,109,1
18,38,115,1
18,39,116,1
18,40,113,1
18,41,106,1
18,42,111,1
18,43,112,1
18,44,118,1
18,45,113,1
18,46,115,1
18,47,113,1
18,48,116,1
18,49,108,1
18,50,105,1
18,51,113,1
18,52,111,1
18,53,119,1
18,54,109,1
18,55,110,1
18,56,112,1
18,57,112,1
18,58,114,1
18,59,119,1
18,60,110,1
18,61,111,1
18,62,109,1
18,63,106,1
18,64,114,1
18,65,111,1
18,66,116,1
18,67,108,1
18,68,112,1
18,69,115,1
18,70,110,1
18,71,112,1
18,72,105,1
18,73,113,1
18,74,104,1
18,75,104,1
18,76,114,1
18,77,109,1
18,78,112,1
18,79,117,1
18,80,108,1
18,81,114,1
18,82,102,1
18,83,111,1
18,84,113,1
18,85,113,1
18,86,110,1
18,87,106,1
18,88,109,1
18,89,105,0
18,90,112,1
18,91,114,1
18,92,110,1
18,93,106,1
18,94,106,1
18,95,113,1
18,96,106,1
18,97,116,1
18,98,117,1
18,99,108,1
18,100,117,1
18,101,109,1
18,102,108,1
18,103,118,1
18,104,109,0
18,105,111,1
18,106,111,1
18,107,103,1
18,108,112,1
18,109,117,1
18,110,118,1
18,111,109,1
18,112,106,1
18,113,119,1
18,114,112,1
18,115,108,1
18,116,112,1
18,117,112,1
18,118,113,1
18,119,110,1
18,120,111,1
18,121,111,0
18,122,114,1
18,123,110,1
18,124,116,1
19,0,112,1
19,1,113,1
19,2,107,1
19,3,112,1
19,4,112,1
19,5,113,1
19,6,117,1
19,7,117,1
19,8,113,1
19,9,114,1
19,10,116,1
19,11,108,1
19,12,112,1
19,13,109,1
19,14,106,1
19,15,106,1
19,16,108,1
19,17,115,1
19,18,117,1
19,19,111,1
19,20,109,1
19,21,114,1
19,22,111,1
19,23,115,1
19,24,113,1
19,25,111,1
19,26,111,1
19,27,110,1
19,28,116,1
19,29,113,1
19,30,112,1
19,31,110,1
19,32,108,1
19,33,114,1
19,34,112,1
19,35,102,1
19,36,111,1
19,37,109,1
19,38,115,1
19,39,116,1
19,40,113,1
19,41,106,1
19,42,111,1
19,43,112,1
19,44,118,1
19,45,113,1
19,46,115,1
19,47,113,1
19,48,116,1
19,49,108,1
19,50,105,1
19,51,113,1
19,52,111,1
19,53,119,1
19,54,109,1
19,55,110,1
19,56,112,1
19,57,112,1
19,58,114,1
19,59,119,1
19,60,110,1
19,61,111,1
19,62,109,1
19,63,106,1
19,64,114,1
19,65,111,1
19,66,116,1
19,67,108,1
19,68,112,1
19,69,115,1
19,70,110,1
19,71,112,1
19,72,105,1
19,73,113,1
19,74,104,1
19,75,104,1
19,76,114,1
19,77,109,1
19,78,112,1
19,79,117,1
19,80,108,1
19,81,114,1
19,82,102,1
19,83,111,1
19,84,113,1
19,85,113,1
19,86,110,1
19,87,106,1
19,88,109,1
19,89,105,1
19,90,112,1
19,91,114,1
19,92,110,1
19,93,106,1
19,94,106,1
19,95,113,1
19,96,106,1
19,97,116,1
19,98,117,1
19,99,108,1
19,100,117,1
19,101,109,1
19,102,108,1
19,103,118,1
19,104,109,1
19,105,111,1
19,106,111,1
19,107,103,1
19,108,112,1
19,109,117,1
19,110,118,1
19,111,109,1
19,112,106,1
19,113,119,1
19,114,112,1
19,115,108,0
19,116,112,1
19,117,112,0
19,118,113,1
19,119,110,1
19,120,111,1
19,121,111,1
19,122,114,1
19,123,110,1
19,124,116,1
20,0,112,1
20,1,113,1
20,2,107,1
20,3,112,1
20,4,112,1
20,5,113,1
20,6,117,1
20,7,117,1
20,8,113,1
20,9,114,1
20,10,116,1
20,11,108,1
20,12,112,1
20,13,109,1
20,14,106,1
20,15,106,1
20,16,108,1
20,17,115,1
20,18,117,1
20,19,111,1
20,20,109,1
20,21,114,1
20,22,111,1
20,23,115,1
20,24,113,1
20,25,111,1
20,26,111,1
20,27,110,1
20,28,116,1
20,29,113,1
20,30,112,1
20,31,110,1
20,32,108,1
20,33,114,1
20,34,112,1
20,35,102,1
20,36,111,1
20,37,109,1
20,38,115,1
20,39,116,1
20,40,113,1
20,41,106,1
20,42,111,1
20,43,112,1
20,44,118,1
20,45,113,1
20,46,115,1
20,47,113,1
20,48,116,1
20,49,108,1
20,50,105,1
20,51,113,1
20,52,111,1
20,53,119,1
20,54,109,1
20,55,110,1
20,56,112,1
20,57,112,1
20,58,114,1
20,59,119,1
20,60,110,1
20,61,111,1
20,62,109,1
20,63,106,1
20,64,114,1
20,65,111,1
20,66,116,1
20,67,108,1
20,68,112,1
20,69,115,1
20,70,110,1
20,71,112,1
20,72,105,1
20,73,113,1
20,74,104,1
20,75,104,1
20,76,114,1
20,77,109,1
20,78,112,1
20,79,117,1
20,80,108,1
20,81,114,1
20,82,102,1
20,83,111,1
20,84,113,1
20,85,113,1
20,86,110,1
20,87,106,1
20,88,109,1
20,89,105,1
20,90,112,1
20,91,114,1
20,92,110,1
20,93,106,1
20,94,106,1
20,95,113,1
20,96,106,1
20,97,116,1
20,98,117,1
20,99,108,1
20,100,117,1
20,101,109,1
20,102,108,1
20,103,118,1
20,104,109,1
20,105,111,1
20,106,111,1
20,107,103,1
20,108,112,1
20,109,117,1
20,110,118,1
20,111,109,1
20,112,106,1
20,113,119,1
20,114,112,1
20,115,108,1
20,116,112,0
20,117,112,1
20,118,113,0
20,119,110,1
20,120,111,1
20,121,111,1
20,122,114,1
20,123,110,1
20,124,116,1
21,0,112,1
21,1,113,1
21,2,107,1
21,3,112,1
21,4,112,1
21,5,113,1
21,6,117,1
21,7,117,1
21,8,113,1
21,9,114,1
21,10,116,1
21,11,108,1
21,12,112,1
21,13,109,1
21,14,106,1
21,15,106,1
21,16,108,1
21,17,115,1
21,18,117,1
21,19,111,1
21,20,109,1
21,21,114,1
21,22,111,1
21,23,115,1
21,24,113,1
21,25,111,1
21,26,111,1
21,27,110,1
21,28,116,1
21,29,113,1
21,30,112,1
21,31,110,1
21,32,108,1
21,33,114,1
21,34,112,1
21,35,102,1
21,36,111,1
21,37,109,1
21,38,115,1
21,39,116,1
21,40,113,1
21,41,106,1
21,42,111,1
21,43,112,1
21,44,118,1
21,45,113,1
21,46,115,1
21,47,113,1
21,48,116,1
21,49,108,1
21,50,105,1
21,51,113,1
21,52,111,1
21,53,119,1
21,54,109,1
21,55,110,1
21,56,112,1
21,57,112,1
21,58,114,1
21,59,119,1
21,60,110,1
21,61,111,1
21,62,109,1
21,63,106,1
21,64,114,1
21,65,111,1
21,66,116,1
21,67,108,1
21,68,112,1
21,69,115,1
21,70,110,1
21,71,112,1
21,72,105,1
21,73,113,1
21,74,104,1
21,75,104,1
21,76,114,1
21,77,109,1
21,78,112,1
21,79,117,1
21,80,108,1
21,81,114,1
21,82,102,1
21,83,111,1
21,84,113,1
21,85,113,1
21,86,110,1
21,87,106,1
21,88,109,1
21,89,105,1
21,90,112,1
21,91,114,1
21,92,110,1
21,93,106,1
21,94,106,1
21,95,113,1
21,96,106,0
21,97,116,1
21,98,117,1
21,99,108,1
21,100,117,1
21,101,109,1
21,102,108,1
21,103,118,1
21,104,109,1
21,105,111,1
21,106,111,1
21,107,103,1
21,108,112,1
21,109,117,1
21,110,118,1
21,111,109,1
21,112,106,1
21,113,119,1
21,114,112,1
21,115,108,0
21,116,112,1
21,117,112,0
21,118,113,1
21,119,110,1
21,120,111,1
21,121,111,1
21,122,114,1
21,123,110,1
21,124,116,1
22,0,112,1
22,1,113,1
22,2,107,1
22,3,112,1
22,4,112,1
22,5,113,1
22,6,117,1
22,7,117,1
22,8,113,1
22,9,114,1
22,10,116,1
22,11,108,1
22,12,112,1
22,13,109,1
22,14,106,1
22,15,106,1
22,16,108,1
22,17,115,1
22,18,117,1
22,19,111,1
22,20,109,1
22,21,114,1
22,22,111,1
22,23,115,1
22,24,113,1
22,25,111,1
22,26,111,1
22,27,110,1
22,28,116,1
22,29,113,1
22,30,112,1
22,31,110,1
22,32,108,1
22,33,114,1
22,34,112,1
22,35,102,1
22,36,111,1
22,37,109,1
22,38,115,1
22,39,116,1
22,40,113,1
22,41,106,1
22,42,111,1
22,43,112,1
22,44,118,1
22,45,113,1
22,46,115,1
22,47,113,1
22,48,116,1
22,49,108,1
22,50,105,1
22,51,113,1
22,52,111,1
22,53,119,1
22,54,109,1
22,55,110,1
22,56,112,1
22,57,112,1
22,58,114,1
22,59,119,1
22,60,110,1
22,61,111,1
22,62,109,1
22,63,106,1
22,64,114,1
22,65,111,1
22,66,116,1
22,67,108,1
22,68,112,1
22,69,115,1
22,70,110,1
22,71,112,1
22,72,105,1
22,73,113,1
22,74,104,1
22,75,104,1
22,76,114,1
22,77,109,1
22,78,112,1
22,79,117,1
22,80,108,1
22,81,114,1
22,82,102,1
22,83,111,1
22,84,113,1
22,85,113,1
22,86,110,1
22,87,106,1
22,88,109,1
22,89,105,1
22,90,112,1
22,91,114,1
22,92,110,1
22,93,106,1
22,94,106,1
22,95,113,1
22,96,106,0
22,97,116,1
22,98,117,1
22,99,108,1
22,100,117,1
22,101,109,1
22,102,108,1
22,103,118,1
22,104,109,1
22,105,111,1
22,106,111,1
22,107,103,1
22,108,112,1
22,109,117,1
22,110,118,1
22,111,109,1
22,112,106,1
22,113,119,1
22,114,112,1
22,115,108,0
22,116,112,1
22,117,112,0
22,118,113,1
22,119,110,1
22,120,111,1
22,121,111,1
22,122,114,1
22,123,110,1
22,124,116,1
23,0,112,1
23,1,113,1
23,2,107,1
23,3,112,1
23,4,112,1
23,5,113,1
23,6,117,1
23,7,117,1
23,8,113,1
23,9,114,1
23,10,116,1
23,11,108,1
23,12,112,1
23,13,109,1
23,14,106,1
23,15,106,1
23,16,108,1
23,17,115,1
23,18,117,1
23,19,111,1
23,20,109,1
23,21,114,1
23,22,111,1
23,23,115,1
23,24,113,1
23,25,111,1
23,26,111,1
23,27,110,1
23,28,116,1
23,29,113,1
23,30,112,1
23,31,110,1
23,32,108,1
23,33,114,1
23,34,112,1
23,35,102,1
23,36,111,1
23,37,109,1
23,38,115,1
23,39,116,1
23,40,113,1
23,41,106,1
23,42,111,1
23,43,112,1
23,44,118,1
23,45,113,1
23,46,115,1
23,47,113,1
23,48,116,1
23,49,108,1
23,50,105,1
23,51,113,1
23,52,111,1
23,53,119,1
23,54,109,1
23,55,110,1
23,56,112,1
23,57,112,1
23,58,114,1
23,59,119,1
23,60,110,1
23,61,111,1
23,62,109,1
23,63,106,1
23,64,114,1
23,65,111,1
23,66,116,1
23,67,108,1
23,68,112,1
23,69,115,1
23,70,110,1
23,71,112,1
23,72,105,1
23,73,113,1
23,74,104,1
23,75,104,1
23,76,114,1
23,77,109,1
23,78,112,1
23,79,117,1
23,80,108,1
23,81,114,1
23,82,102,1
23,83,111,1
23,84,113,1
23,85,113,1
23,86,110,1
23,87,106,1
23,88,109,1
23,89,105,1
23,90,112,1
23,91,114,1
23,92,110,1
23,93,106,1
23,94,106,1
23,95,113,1
23,96,106,0
23,97,116,1
23,98,117,1
23,99,108,1
23,100,117,1
23,101,109,1
23,102,108,1
23,103,118,1
23,104,109,1
23,105,111,1
23,106,111,1
23,107,103,1
23,108,112,1
23,109,117,1
23,110,118,1
23,111,109,1
23,112,106,1
23,113,119,1
23,114,112,1
23,115,108,1
23,116,112,0
23,117,112,0
23,118,113,1
23,119,110,1
23,120,111,1
23,121,111,1
23,122,114,1
23,123,110,1
23,124,116,1
24,0,112,1
24,1,113,1
24,2,107,1
24,3,112,1
24,4,112,1
24,5,113,1
24,6,117,1
24,7,117,1
24,8,113,1
24,9,114,1
24,10,116,1
24,11,108,1
24,12,112,1
24,13,109,1
24,14,106,1
24,15,106,1
24,16,108,1
24,17,115,1
24,18,117,1
24,19,111,1
24,20,109,1
24,21,114,1
24,22,111,1
24,23,115,1
24,24,113,1
24,25,111,1
24,26,111,1
24,27,110,1
24,28,116,1
24,29,113,1
24,30,112,1
24,31,110,1
24,32,108,1
24,33,114,1
24,34,112,1
24,35,102,1
24,36,111,1
24,37,109,1
24,38,115,1
24,39,116,1
24,40,113,1
24,41,106,1
24,42,111,1
24,43,112,1
24,44,118,1
24,45,113,1
24,46,115,1
24,47,113,1
24,48,116,1
24,49,108,1
24,50,105,1
24,51,113,1
24,52,111,1
24,53,119,1
24,54,109,1
24,55,110,1
24,56,112,1
24,57,112,1
24,58,114,1
24,59,119,1
24,60,110,1
24,61,111,1
24,62,109,1
24,63,106,1
24,64,114,1
24,65,111,1
24,66,116,1
24,67,108,1
24,68,112,1
24,69,115,1
24,70,110,1
24,71,112,1
24,72,105,1
24,73,113,1
24,74,104,1
24,75,104,1
24,76,114,1
24,77,109,1
24,78,112,1
24,79,117,1
24,80,108,1
24,81,114,1
24,82,102,1
24,83,111,1
24,84,113,1
24,85,113,1
24,86,110,1
24,87,106,1
24,88,109,1
24,89,105,1
24,90,112,1
24,91,114,1
24,92,110,1
24,93,106,1
24,94,106,1
24,95,113,1
24,96,106,0
24,97,116,1
24,98,117,1
24,99,108,1
24,100,117,1
24,101,109,1
24,102,108,1
24,103,118,1
24,104,109,1
24,105,111,1
24,106,111,1
24,107,103,1
24,108,112,1
24,109,117,1
24,110,118,1
24,111,109,1
24,112,106,1
24,113,119,1
24,114,112,1
24,115,108,1
24,116,112,0
24,117,112,0
24,118,113,1
24,119,110,1
24,120,111,1
24,121,111,1
24,122,114,1
24,123,110,1
24,124,116,1
25,0,112,1
25,1,113,1
25,2,107,1
25,3,112,1
25,4,112,1
25,5,113,1
25,6,117,1
25,7,117,1
25,8,113,1
25,9,114,1
25,10,116,1
25,11,108,1
25,12,112,1
25,13,109,1
25,14,106,1
25,15,106,1
25,16,108,1
25,17,115,1
25,18,117,1
25,19,111,1
25,20,109,1
25,21,114,1
25,22,111,1
25,23,115,1
25,24,113,1
25,25,111,1
25,26,111,1
25,27,110,1
25,28,116,1
25,29,113,1
25,30,112,1
25,31,110,1
25,32,108,1
25,33,114,1
25,34,112,1
25,35,102,1
25,36,111,1
25,37,109,1
25,38,115,1
25,39,116,1
25,40,113,1
25,41,106,1
25,42,111,1
25,43,112,1
25,44,118,1
25,45,113,1
25,46,115,1
25,47,113,1
25,48,116,1
25,49,108,1
25,50,105,1
25,51,113,1
25,52,111,1
25,53,119,1
25,54,109,1
25,55,110,1
25,56,112,1
25,57,112,1
25,58,114,1
25,59,119,1
25,60,110,1
25,61,111,1
25,62,109,1
25,63,106,1
25,64,114,1
25,65,111,1
25,66,116,1
25,67,108,1
25,68,112,1
25,69,115,1
25,70,110,1
25,71,112,1
25,72,105,1
25,73,113,1
25,74,104,1
25,75,104,1
25,76,114,1
25,77,109,1
25,78,112,1
25,79,117,1
25,80,108,1
25,81,114,1
25,82,102,1
25,83,111,1
25,84,113,1
25,85,113,1
25,86,110,1
25,87,106,1
25,88,109,1
25,89,105,1
25,90,112,1
25,91,114,1
25,92,110,1
25,93,106,1
25,94,106,1
25,95,113,0
25,96,106,1
25,97,116,1
25,98,117,1
25,99,108,1
25,100,117,1
25,101,109,1
25,102,108,1
25,103,118,1
25,104,109,1
25,105,111,1
25,106,111,1
25,107,103,1
25,108,112,1
25,109,117,1
25,110,118,1
25,111,109,1
25,112,106,1
25,113,119,1
25,114,112,0
25,115,108,1
25,116,112,1
25,117,112,1
25,118,113,0
25,119,110,1
25,120,111,1
25,121,111,1
25,122,114,1
25,123,110,1
25,124,116,1
26,0,112,1
26,1,113,1
26,2,107,1
26,3,112,1
26,4,112,1
26,5,113,1
26,6,117,1
26,7,117,1
26,8,113,1
26,9,114,1
26,10,116,1
26,11,108,1
26,12,112,1
26,13,109,1
26,14,106,1
26,15,106,1
26,16,108,1
26,17,115,1
26,18,117,1
26,19,111,1
26,20,109,1
26,21,114,1
26,22,111,1
26,23,115,1
26,24,113,1
26,25,111,1
26,26,111,1
26,27,110,1
26,28,116,1
26,29,113,1
26,30,112,1
26,31,110,1
26,32,108,1
26,33,114,1
26,34,112,1
26,35,102,1
26,36,111,1
26,37,109,1
26,38,115,1
26,39,116,1
26,40,113,1
26,41,106,1
26,42,111,1
26,43,112,1
26,44,118,1
26,45,113,1
26,46,115,1
26,47,113,1
26,48,116,1
26,49,108,1
26,50,105,1
26,51,113,1
26,52,111,1
26,53,119,1
26,54,109,1
26,55,110,1
26,56,112,1
26,57,112,1
26,58,114,1
26,59,119,1
26,60,110,1
26,61,111,1
26,62,109,1
26,63,106,1
26,64,114,1
26,65,111,1
26,66,116,1
26,67,108,1
26,68,112,1
26,69,115,1
26,70,110,1
26,71,112,1
26,72,105,1
26,73,113,1
26,74,104,1
26,75,104,1
26,76,114,1
26,77,109,1
26,78,112,1
26,79,117,1
26,80,108,1
26,81,114,1
26,82,102,1
26,83,111,1
26,84,113,1
26,85,113,1
26,86,110,1
26,87,106,1
26,88,109,1
26,89,105,1
26,90,112,1
26,91,114,1
26,92,110,1
26,93,106,1
26,94,106,1
26,95,113,1
26,96,106,0
26,97,116,1
26,98,117,1
26,99,108,1
26,100,117,1
26,101,109,1
26,102,108,1
26,103,118,1
26,104,109,1
26,105,111,1
26,106,111,1
26,107,103,1
26,108,112,1
26,109,117,1
26,110,118,1
26,111,109,1
26,112,106,1
26,113,119,1
26,114,112,1
26,115,108,1
26,116,112,0
26,117,112,0
26,118,113,1
26,119,110,1
26,120,111,1
26,121,111,1
26,122,114,1
26,123,110,1
26,124,116,1
27,0,112,1
27,1,113,1
27,2,107,1
27,3,112,1
27,4,112,1
27,5,113,1
27,6,117,1
27,7,117,1
27,8,113,1
27,9,114,1
27,10,116,1
27,11,108,1
27,12,112,1
27,13,109,1
27,14,106,1
27,15,106,1
27,16,108,1
27,17,115,1
27,18,117,1
27,19,111,1
27,20,109,1
27,21,114,1
27,22,111,1
27,23,115,1
27,24,113,1
27,25,111,1
27,26,111,1
27,27,110,1
27,28,116,1
27,29,113,1
27,30,112,1
27,31,110,1
27,32,108,1
27,33,114,1
27,34,112,1
27,35,102,1
27,36,111,1
27,37,109,1
27,38,115,1
27,39,116,1
27,40,113,1
27,41,106,1
27,42,111,1
27,43,112,1
27,44,118,1
27,45,113,1
27,46,115,1
27,47,113,1
27,48,116,1
27,49,108,1
27,50,105,1
27,51,113,1
27,52,111,1
27,53,119,1
27,54,109,1
27,55,110,1
27,56,112,1
27,57,112,1
27,58,114,1
27,59,119,1
27,60,110,1
27,61,111,1
27,62,109,1
27,63,106,1
27,64,114,1
27,65,111,1
27,66,116,1
27,67,108,1
27,68,112,1
27,69,115,1
27,70,110,1
27,71,112,1
27,72,105,1
27,73,113,1
27,74,104,1
27,75,104,1
27,76,114,1
27,77,109,1
27,78,112,1
27,79,117,1
27,80,108,1
27,81,114,1
27,82,102,1
27,83,111,1
27,84,113,1
27,85,113,1
27,86,110,1
27,87,106,1
27,88,109,1
27,89,105,1
27,90,112,1
27,91,114,1
27,92,110,1
27,93,106,1
27,94,106,1
27,95,113,1
27,96,106,0
27,97,116,1
27,98,117,1
27,99,108,1
27,100,117,1
27,101,109,1
27,102,108,1
27,103,118,1
27,104,109,1
27,105,111,1
27,106,111,1
27,107,103,1
27,108,112,1
27,109,117,1
27,110,118,1
27,111,109,1
27,112,106,1
27,113,119,1
27,114,112,1
27,115,108,1
27,116,112,0
27,117,112,0
27,118,113,1
27,119,110,1
27,120,111,1
27,121,111,1
27,122,114,1
27,123,110,1
27,124,116,1
28,0,112,1
28,1,113,1
28,2,107,1
28,3,112,1
28,4,112,1
28,5,113,1
28,6,117,1
28,7,117,1
28,8,113,1
28,9,114,1
28,10,116,1
28,11,108,1
28,12,112,1
28,13,109,1
28,14,106,1
28,15,106,1
28,16,108,1
28,17,115,1
28,18,117,1
28,19,111,1
28,20,109,1
28,21,114,1
28,22,111,1
28,23,115,1
28,24,113,1
28,25,111,1
28,26,111,1
28,27,110,1
28,28,116,1
28,29,113,1
28,30,112,1
28,31,110,1
28,32,108,1
28,33,114,1
28,34,112,1
28,35,102,1
28,36,111,1
28,37,109,1
28,38,115,1
28,39,116,1
28,40,113,1
28,41,106,1
28,42,111,1
28,43,112,1
28,44,118,1
28,45,113,1
28,46,115,1
28,47,113,1
28,48,116,1
28,49,108,1
28,50,105,1
28,51,113,1
28,52,111,1
28,53,119,1
28,54,109,1
28,55,110,1
28,56,112,1
28,57,112,1
28,58,114,1
28,59,119,1
28,60,110,1
28,61,111,1
28,62,109,1
28,63,106,1
28,64,114,1
28,65,111,1
28,66,116,1
28,67,108,1
28,68,112,1
28,69,115,1
28,70,110,1
28,71,112,1
28,72,105,1
28,73,113,1
28,74,104,1
28,75,104,1
28,76,114,1
28,77,109,1
28,78,112,1
28,79,117,1
28,80,108,1
28,81,114,1
28,82,102,1
28,83,111,1
28,84,113,1
28,85,113,1
28,86,110,1
28,87,106,1
28,88,109,1
28,89,105,1
28,90,112,1
28,91,114,1
28,92,110,1
28,93,106,1
28,94,106,1
28,95,113,0
28,96,106,1
28,97,116,1
28,98,117,1
28,99,108,1
28,100,117,1
28,101,109,1
28,102,108,1
28,103,118,1
28,104,109,1
28,105,111,1
28,106,111,1
28,107,103,1
28,108,112,1
28,109,117,1
28,110,118,1
28,111,109,1
28,112,106,1
28,113,119,1
28,114,112,0
28,115,108,1
28,116,112,1
28,117,112,1
28,118,113,0
28,119,110,1
28,120,111,1
28,121,111,1
28,122,114,1
28,123,110,1
28,124,116,1
29,0,112,1
29,1,113,1
29,2,107,1
29,3,112,1
29,4,112,1
29,5,113,1
29,6,117,1
29,7,117,1
29,8,113,1
29,9,114,1
29,10,116,1
29,11,108,1
29,12,112,1
29,13,109,1
29,14,106,1
29,15,106,1
29,16,108,1
29,17,115,1
29,18,117,1
29,19,111,1
29,20,109,1
29,21,114,1
29,22,111,1
29,23,115,1
29,24,113,1
29,25,111,1
29,26,111,1
29,27,110,1
29,28,116,1
29,29,113,1
29,30,112,1
29,31,110,1
29,32,108,1
29,33,114,1
29,34,112,1
29,35,102,1
29,36,111,1
29,37,109,1
29,38,115,1
29,39,116,1
29,40,113,1
29,41,106,1
29,42,111,1
29,43,112,1
29,44,118,1
29,45,113,1
29,46,115,1
29,47,113,1
29,48,116,1
29,49,108,1
29,50,105,1
29,51,113,1
29,52,111,1
29,53,119,1
29,54,109,1
29,55,110,1
29,56,112,1
29,57,112,1
29,58,114,1
29,59,119,1
29,60,110,1
29,61,111,1
29,62,109,1
29,63,106,1
29,64,114,1
29,65,111,1
29,66,116,1
29,67,108,1
29,68,112,1
29,69,115,1
29,70,110,1
29,71,112,1
29,72,105,1
29,73,113,1
29,74,104,1
29,75,104,1
29,76,114,1
29,77,109,1
29,78,112,1
29,79,117,1
29,80,108,1
29,81,114,1
29,82,102,1
29,83,111,1
29,84,113,1
29,85,113,1
29,86,110,1
29,87,106,1
29,88,109,1
29,89,105,1
29,90,112,1
29,91,114,1
29,92,110,1
29,93,106,1
29,94,106,1
29,95,113,1
29,96,106,1
29,97,116,1
29,98,117,1
29,99,108,1
29,100,117,1
29,101,109,1
29,102,108,1
29,103,118,1
29,104,109,1
29,105,111,1
29,106,111,1
29,107,103,0
29,108,112,1
29,109,117,1
29,110,118,1
29,111,109,1
29,112,106,1
29,113,119,1
29,114,112,0
29,115,108,1
29,116,112,1
29,117,112,1
29,118,113,1
29,119,110,1
29,120,111,1
29,121,111,1
29,122,114,1
29,123,110,1
29,124,116,1
